[{"model": "quantummanagementapp.adminuser", "pk": 1, "fields": {"user": 1, "image": 40, "role": "CEO"}}, {"model": "quantummanagementapp.adminuser", "pk": 2, "fields": {"user": 34, "image": 34, "role": "Staff"}}, {"model": "quantummanagementapp.employee", "pk": 1, "fields": {"first_name": "James", "last_name": "Smith", "role": "Ride Operator", "start_date": "2020-06-30", "compensation": "20.00", "pay_rate": "hourly", "park": 1, "admin_user": 1}}, {"model": "quantummanagementapp.employee", "pk": 2, "fields": {"first_name": "John", "last_name": "Eismann", "role": "Ride Operator", "start_date": null, "compensation": null, "pay_rate": null, "park": 1, "admin_user": 1}}, {"model": "quantummanagementapp.employee", "pk": 3, "fields": {"first_name": "Matthew", "last_name": "Johnson", "role": "Consessions", "start_date": null, "compensation": null, "pay_rate": null, "park": 1, "admin_user": 1}}, {"model": "quantummanagementapp.employee", "pk": 4, "fields": {"first_name": "Kate", "last_name": "Tonnies", "role": "Consessions", "start_date": null, "compensation": null, "pay_rate": null, "park": 1, "admin_user": 1}}, {"model": "quantummanagementapp.employee", "pk": 6, "fields": {"first_name": "Vincent", "last_name": "Martin", "role": "Consessions", "start_date": null, "compensation": null, "pay_rate": null, "park": 1, "admin_user": 1}}, {"model": "quantummanagementapp.employee", "pk": 7, "fields": {"first_name": "Bob", "last_name": "Brown", "role": "Security", "start_date": null, "compensation": null, "pay_rate": null, "park": 1, "admin_user": 1}}, {"model": "quantummanagementapp.employee", "pk": 11, "fields": {"first_name": "Robert", "last_name": "Collins", "role": "Ride Operator", "start_date": null, "compensation": null, "pay_rate": null, "park": 1, "admin_user": 1}}, {"model": "quantummanagementapp.employee", "pk": 12, "fields": {"first_name": "Colin", "last_name": "Sky", "role": "Security", "start_date": null, "compensation": null, "pay_rate": null, "park": 1, "admin_user": 1}}, {"model": "quantummanagementapp.employee", "pk": 14, "fields": {"first_name": "James", "last_name": "Woods", "role": "Ride Operator", "start_date": "2020-06-20", "compensation": "15.00", "pay_rate": "hourly", "park": 1, "admin_user": 1}}, {"model": "quantummanagementapp.employee", "pk": 15, "fields": {"first_name": "Matthew", "last_name": "Redding", "role": "Entertainer", "start_date": "2020-06-26", "compensation": "60000.00", "pay_rate": "salary", "park": 1, "admin_user": 1}}, {"model": "quantummanagementapp.employee", "pk": 27, "fields": {"first_name": "Steven", "last_name": "Michael", "role": "Entertainer", "start_date": "2020-07-03", "compensation": "25.00", "pay_rate": "hourly", "park": 2, "admin_user": 1}}, {"model": "quantummanagementapp.employee", "pk": 30, "fields": {"first_name": "Bob", "last_name": "Harper", "role": "Security", "start_date": "2020-06-26", "compensation": "50000.00", "pay_rate": "salary", "park": 1, "admin_user": 1}}, {"model": "quantummanagementapp.employee", "pk": 31, "fields": {"first_name": "Mack", "last_name": "Kendall", "role": "Ride Operator", "start_date": "2020-06-30", "compensation": "20.00", "pay_rate": "salary", "park": 1, "admin_user": 1}}, {"model": "quantummanagementapp.employee", "pk": 32, "fields": {"first_name": "Matthew", "last_name": "Redding", "role": "Security", "start_date": "2020-06-26", "compensation": "50.00", "pay_rate": "hourly", "park": 1, "admin_user": 1}}, {"model": "quantummanagementapp.employee", "pk": 33, "fields": {"first_name": "Sara", "last_name": "Stone", "role": "Ride Operator", "start_date": "2020-06-29", "compensation": "20.00", "pay_rate": "hourly", "park": 1, "admin_user": 1}}, {"model": "quantummanagementapp.employee", "pk": 34, "fields": {"first_name": "Hunter", "last_name": "Massy", "role": "Mechanic", "start_date": "2020-06-30", "compensation": "70000.00", "pay_rate": "salary", "park": 1, "admin_user": 1}}, {"model": "quantummanagementapp.employee", "pk": 35, "fields": {"first_name": "Bill", "last_name": "Bobs", "role": "Mechanic", "start_date": "2020-06-30", "compensation": "60000.00", "pay_rate": "salary", "park": 1, "admin_user": 1}}, {"model": "quantummanagementapp.employee", "pk": 36, "fields": {"first_name": "Matt", "last_name": "Mikes", "role": "Ride Operator", "start_date": "2020-06-30", "compensation": "20.00", "pay_rate": "hourly", "park": 1, "admin_user": 1}}, {"model": "quantummanagementapp.employee", "pk": 37, "fields": {"first_name": "Micheal", "last_name": "Morry", "role": "Consessions", "start_date": "2020-06-30", "compensation": "14.00", "pay_rate": "hourly", "park": 1, "admin_user": 1}}, {"model": "quantummanagementapp.employee", "pk": 38, "fields": {"first_name": "Kari", "last_name": "Massey", "role": "Consessions", "start_date": "2020-06-30", "compensation": "14.00", "pay_rate": "hourly", "park": 1, "admin_user": 1}}, {"model": "quantummanagementapp.employee", "pk": 39, "fields": {"first_name": "Jack", "last_name": "Duns", "role": "Ride Operator", "start_date": "2020-06-30", "compensation": "20.00", "pay_rate": "hourly", "park": 1, "admin_user": 1}}, {"model": "quantummanagementapp.employee", "pk": 40, "fields": {"first_name": "Mike", "last_name": "O'Hearn", "role": "Ride Operator", "start_date": "2020-06-30", "compensation": "20.00", "pay_rate": "hourly", "park": 2, "admin_user": 1}}, {"model": "quantummanagementapp.employee", "pk": 41, "fields": {"first_name": "Mack", "last_name": "Lamberts", "role": "Consessions", "start_date": "2020-06-30", "compensation": "14.00", "pay_rate": "hourly", "park": 2, "admin_user": 1}}, {"model": "quantummanagementapp.employee", "pk": 42, "fields": {"first_name": "Katie", "last_name": "Kates", "role": "Ride Operator", "start_date": "2020-06-30", "compensation": "20.00", "pay_rate": "hourly", "park": 2, "admin_user": 1}}, {"model": "quantummanagementapp.employee", "pk": 43, "fields": {"first_name": "Lucy", "last_name": "Derns", "role": "Consessions", "start_date": "2020-07-01", "compensation": "14.00", "pay_rate": "hourly", "park": 1, "admin_user": 1}}, {"model": "quantummanagementapp.employee", "pk": 44, "fields": {"first_name": "Lisa", "last_name": "Robinson", "role": "Security", "start_date": "2020-07-02", "compensation": "50000.00", "pay_rate": "salary", "park": 1, "admin_user": 1}}, {"model": "quantummanagementapp.employee", "pk": 45, "fields": {"first_name": "Dominick", "last_name": "Johnson", "role": "Ride Operator", "start_date": "2020-06-30", "compensation": "20.00", "pay_rate": "hourly", "park": 2, "admin_user": 1}}, {"model": "quantummanagementapp.employee", "pk": 46, "fields": {"first_name": "Nils", "last_name": "Eisman", "role": "Mechanic", "start_date": "2020-07-04", "compensation": "70000.00", "pay_rate": "salary", "park": 1, "admin_user": 1}}, {"model": "quantummanagementapp.employee", "pk": 47, "fields": {"first_name": "Paul", "last_name": "Powers", "role": "Security", "start_date": "2020-06-30", "compensation": "50000.00", "pay_rate": "salary", "park": 2, "admin_user": 1}}, {"model": "quantummanagementapp.employee", "pk": 48, "fields": {"first_name": "Eliza", "last_name": "Worthy", "role": "Ride Operator", "start_date": "2020-06-30", "compensation": "20.00", "pay_rate": "hourly", "park": 2, "admin_user": 1}}, {"model": "quantummanagementapp.employee", "pk": 49, "fields": {"first_name": "Brock", "last_name": "Collier", "role": "Security", "start_date": "2020-06-30", "compensation": "70000.00", "pay_rate": "salary", "park": 2, "admin_user": 1}}, {"model": "quantummanagementapp.employee", "pk": 50, "fields": {"first_name": "Dustin", "last_name": "Johnson", "role": "Manager", "start_date": "2020-06-30", "compensation": "65000.00", "pay_rate": "salary", "park": 1, "admin_user": 1}}, {"model": "quantummanagementapp.employee", "pk": 51, "fields": {"first_name": "Amy", "last_name": "Aimes", "role": "Ride Operator", "start_date": "2020-06-30", "compensation": "20.00", "pay_rate": "hourly", "park": 1, "admin_user": 1}}, {"model": "quantummanagementapp.employee", "pk": 52, "fields": {"first_name": "Matt", "last_name": "Crook", "role": "Ride Operator", "start_date": "2020-06-30", "compensation": "25.00", "pay_rate": "hourly", "park": 1, "admin_user": 1}}, {"model": "quantummanagementapp.employee", "pk": 53, "fields": {"first_name": "Joe ", "last_name": "Jones", "role": "Manager", "start_date": "2020-07-01", "compensation": "60000.00", "pay_rate": "salary", "park": 1, "admin_user": 1}}, {"model": "quantummanagementapp.employee", "pk": 60, "fields": {"first_name": "Keith", "last_name": "Sams", "role": "Ride Operator", "start_date": "2020-07-01", "compensation": "15.00", "pay_rate": "hourly", "park": 1, "admin_user": 1}}, {"model": "quantummanagementapp.employee", "pk": 61, "fields": {"first_name": "Ricky ", "last_name": "Fowler", "role": "Manager", "start_date": "2020-07-01", "compensation": "60000.00", "pay_rate": "salary", "park": 1, "admin_user": 1}}, {"model": "quantummanagementapp.employee", "pk": 62, "fields": {"first_name": "Maddie", "last_name": "Hammers", "role": "Ride Operator", "start_date": "2020-07-01", "compensation": "14.00", "pay_rate": "hourly", "park": 1, "admin_user": 1}}, {"model": "quantummanagementapp.employee", "pk": 63, "fields": {"first_name": "Lauren", "last_name": "Storwall", "role": "Consessions", "start_date": "2020-07-02", "compensation": "14.00", "pay_rate": "hourly", "park": 1, "admin_user": 1}}, {"model": "quantummanagementapp.employee", "pk": 64, "fields": {"first_name": "Zane", "last_name": "Zeenith", "role": "Restaurant", "start_date": "2020-07-03", "compensation": "13.00", "pay_rate": "hourly", "park": 2, "admin_user": 1}}, {"model": "quantummanagementapp.employee", "pk": 65, "fields": {"first_name": "Zoe", "last_name": "Zones", "role": "Restaurant", "start_date": "2020-07-03", "compensation": "14.00", "pay_rate": "hourly", "park": 1, "admin_user": 1}}, {"model": "quantummanagementapp.attractiontype", "pk": 1, "fields": {"name": "Roller Coaster", "manufacturer": null}}, {"model": "quantummanagementapp.attractiontype", "pk": 2, "fields": {"name": "Flat Ride", "manufacturer": null}}, {"model": "quantummanagementapp.attractiontype", "pk": 3, "fields": {"name": "Walk Through", "manufacturer": null}}, {"model": "quantummanagementapp.attractiontype", "pk": 4, "fields": {"name": "Water Ride", "manufacturer": null}}, {"model": "quantummanagementapp.attractiontype", "pk": 5, "fields": {"name": "Car Ride", "manufacturer": null}}, {"model": "quantummanagementapp.attractiontype", "pk": 6, "fields": {"name": "Swings", "manufacturer": null}}, {"model": "quantummanagementapp.attractiontype", "pk": 7, "fields": {"name": "Thrill Ride", "manufacturer": null}}, {"model": "quantummanagementapp.attractiontype", "pk": 8, "fields": {"name": "Restaurant", "manufacturer": null}}, {"model": "quantummanagementapp.attractiontype", "pk": 9, "fields": {"name": "Concession", "manufacturer": null}}, {"model": "quantummanagementapp.attractiontype", "pk": 10, "fields": {"name": "Food Truck", "manufacturer": null}}, {"model": "quantummanagementapp.attractiontype", "pk": 11, "fields": {"name": "Area/ Zone", "manufacturer": null}}, {"model": "quantummanagementapp.attractiontype", "pk": 16, "fields": {"name": "Family Ride", "manufacturer": null}}, {"model": "quantummanagementapp.park", "pk": 1, "fields": {"name": "Cedar Point", "state": "Ohio", "max_capacity": "30000", "number_of_attractions": "71"}}, {"model": "quantummanagementapp.park", "pk": 2, "fields": {"name": "King's Island", "state": "Ohio", "max_capacity": "25000", "number_of_attractions": "65"}}, {"model": "quantummanagementapp.park", "pk": 3, "fields": {"name": "Canada's Wonderland", "state": "Ontario", "max_capacity": "20000", "number_of_attractions": "60"}}, {"model": "quantummanagementapp.park", "pk": 4, "fields": {"name": "King's Dominion", "state": "Virginia", "max_capacity": "28000", "number_of_attractions": "63"}}, {"model": "quantummanagementapp.park", "pk": 5, "fields": {"name": "Carowinds", "state": "North Carolina", "max_capacity": "23000", "number_of_attractions": "55"}}, {"model": "quantummanagementapp.park", "pk": 6, "fields": {"name": "Knott's Berry Farm", "state": "California", "max_capacity": "20000", "number_of_attractions": "45"}}, {"model": "quantummanagementapp.park", "pk": 8, "fields": {"name": "Valleyfair", "state": "Minnesota", "max_capacity": "20000", "number_of_attractions": "58"}}, {"model": "quantummanagementapp.park", "pk": 10, "fields": {"name": "California's Great America", "state": "California", "max_capacity": "23000", "number_of_attractions": "50"}}, {"model": "quantummanagementapp.attraction", "pk": 1, "fields": {"name": "Maverick", "type": 1, "capacity": "2000", "current_operating_capacity": null, "park": 1}}, {"model": "quantummanagementapp.attraction", "pk": 2, "fields": {"name": "Steel Vengence", "type": 1, "capacity": "3000", "current_operating_capacity": null, "park": 1}}, {"model": "quantummanagementapp.attraction", "pk": 3, "fields": {"name": "Power Tower", "type": 7, "capacity": "1000", "current_operating_capacity": null, "park": 1}}, {"model": "quantummanagementapp.attraction", "pk": 4, "fields": {"name": "Johnny Rockets", "type": 8, "capacity": "750", "current_operating_capacity": null, "park": 1}}, {"model": "quantummanagementapp.attraction", "pk": 5, "fields": {"name": "Snake River Falls", "type": 4, "capacity": "1000", "current_operating_capacity": null, "park": 1}}, {"model": "quantummanagementapp.attraction", "pk": 6, "fields": {"name": "Old Timers", "type": 5, "capacity": "1200", "current_operating_capacity": null, "park": 1}}, {"model": "quantummanagementapp.attraction", "pk": 7, "fields": {"name": "Midway Plaza", "type": 11, "capacity": "3000", "current_operating_capacity": null, "park": 1}}, {"model": "quantummanagementapp.attraction", "pk": 8, "fields": {"name": "Main Entrance", "type": 11, "capacity": "3000", "current_operating_capacity": null, "park": 1}}, {"model": "quantummanagementapp.attraction", "pk": 9, "fields": {"name": "Top-Thrill Dragster", "type": 1, "capacity": "1800", "current_operating_capacity": null, "park": 1}}, {"model": "quantummanagementapp.attraction", "pk": 10, "fields": {"name": "Millenium Force", "type": 1, "capacity": "3000", "current_operating_capacity": null, "park": 1}}, {"model": "quantummanagementapp.attraction", "pk": 13, "fields": {"name": "Orion", "type": 1, "capacity": "3000", "current_operating_capacity": null, "park": 2}}, {"model": "quantummanagementapp.attraction", "pk": 16, "fields": {"name": "Valravin", "type": 1, "capacity": "2000", "current_operating_capacity": null, "park": 1}}, {"model": "quantummanagementapp.attraction", "pk": 17, "fields": {"name": "Patriot", "type": 1, "capacity": "2300", "current_operating_capacity": null, "park": 2}}, {"model": "quantummanagementapp.attraction", "pk": 18, "fields": {"name": "Drop Tower: Scream Zone", "type": 7, "capacity": "1500", "current_operating_capacity": null, "park": 1}}, {"model": "quantummanagementapp.attraction", "pk": 19, "fields": {"name": "Delirium", "type": 7, "capacity": "1000", "current_operating_capacity": null, "park": 2}}, {"model": "quantummanagementapp.attraction", "pk": 20, "fields": {"name": "Centrifuge", "type": 2, "capacity": "1000", "current_operating_capacity": null, "park": 1}}, {"model": "quantummanagementapp.attraction", "pk": 21, "fields": {"name": "Midway Carousel", "type": 2, "capacity": "900", "current_operating_capacity": null, "park": 2}}, {"model": "quantummanagementapp.attraction", "pk": 22, "fields": {"name": "Giant Wheel", "type": 16, "capacity": "800", "current_operating_capacity": null, "park": 1}}, {"model": "quantummanagementapp.attraction", "pk": 23, "fields": {"name": "Great American Scream Machine", "type": 1, "capacity": "2000", "current_operating_capacity": null, "park": 2}}, {"model": "quantummanagementapp.attraction", "pk": 24, "fields": {"name": "Raptor", "type": 1, "capacity": "2800", "current_operating_capacity": null, "park": 1}}, {"model": "quantummanagementapp.attraction", "pk": 27, "fields": {"name": "Magnum Xl 200", "type": 1, "capacity": "2000", "current_operating_capacity": null, "park": 1}}, {"model": "quantummanagementapp.attraction", "pk": 29, "fields": {"name": "GateKeeper", "type": 1, "capacity": "2000", "current_operating_capacity": null, "park": 1}}, {"model": "quantummanagementapp.attraction", "pk": 30, "fields": {"name": "Wicked Twister", "type": 1, "capacity": "1500", "current_operating_capacity": null, "park": 1}}, {"model": "quantummanagementapp.attraction", "pk": 31, "fields": {"name": "Iron Dragon", "type": 1, "capacity": "1800", "current_operating_capacity": null, "park": 1}}, {"model": "quantummanagementapp.attraction", "pk": 32, "fields": {"name": "Rougarou", "type": 1, "capacity": "2500", "current_operating_capacity": null, "park": 1}}, {"model": "quantummanagementapp.attraction", "pk": 33, "fields": {"name": "Blue Streak", "type": 1, "capacity": "900", "current_operating_capacity": null, "park": 1}}, {"model": "quantummanagementapp.attraction", "pk": 34, "fields": {"name": "Corkscrew", "type": 1, "capacity": "950", "current_operating_capacity": null, "park": 1}}, {"model": "quantummanagementapp.attraction", "pk": 35, "fields": {"name": "Cedar Creek Mine Ride", "type": 1, "capacity": "1100", "current_operating_capacity": null, "park": 1}}, {"model": "quantummanagementapp.attraction", "pk": 36, "fields": {"name": "Gemini", "type": 1, "capacity": "1300", "current_operating_capacity": null, "park": 1}}, {"model": "quantummanagementapp.attraction", "pk": 37, "fields": {"name": "Cedar Downs Racing Derby", "type": 5, "capacity": "700", "current_operating_capacity": null, "park": 1}}, {"model": "quantummanagementapp.attraction", "pk": 38, "fields": {"name": "Dodgem", "type": 2, "capacity": "600", "current_operating_capacity": null, "park": 1}}, {"model": "quantummanagementapp.attraction", "pk": 39, "fields": {"name": "Matterhorn", "type": 7, "capacity": "800", "current_operating_capacity": null, "park": 1}}, {"model": "quantummanagementapp.attraction", "pk": 40, "fields": {"name": "maxAir", "type": 7, "capacity": "1000", "current_operating_capacity": null, "park": 1}}, {"model": "quantummanagementapp.attraction", "pk": 41, "fields": {"name": "Monster", "type": 7, "capacity": "900", "current_operating_capacity": null, "park": 1}}, {"model": "quantummanagementapp.attraction", "pk": 42, "fields": {"name": "Ocean Motion\t", "type": 7, "capacity": "900", "current_operating_capacity": null, "park": 1}}, {"model": "quantummanagementapp.attraction", "pk": 43, "fields": {"name": "Pipe Scream", "type": 7, "capacity": "800", "current_operating_capacity": null, "park": 1}}, {"model": "quantummanagementapp.attraction", "pk": 44, "fields": {"name": "Professor Delbert's Frontier Fling", "type": 7, "capacity": "100", "current_operating_capacity": null, "park": 1}}, {"model": "quantummanagementapp.attraction", "pk": 45, "fields": {"name": "Scrambler", "type": 2, "capacity": "300", "current_operating_capacity": null, "park": 1}}, {"model": "quantummanagementapp.attraction", "pk": 46, "fields": {"name": "Skyhawk", "type": 6, "capacity": "500", "current_operating_capacity": null, "park": 1}}, {"model": "quantummanagementapp.attraction", "pk": 47, "fields": {"name": "SlingShot", "type": 7, "capacity": "20", "current_operating_capacity": null, "park": 1}}, {"model": "quantummanagementapp.attraction", "pk": 48, "fields": {"name": "WindSeeker", "type": 7, "capacity": "200", "current_operating_capacity": null, "park": 1}}, {"model": "quantummanagementapp.attraction", "pk": 49, "fields": {"name": "Kiddy Kingdom Carousel", "type": 16, "capacity": "200", "current_operating_capacity": null, "park": 1}}, {"model": "quantummanagementapp.attraction", "pk": 50, "fields": {"name": "Lake Erie Eagles", "type": 16, "capacity": "200", "current_operating_capacity": null, "park": 1}}, {"model": "quantummanagementapp.attraction", "pk": 51, "fields": {"name": "Sky Ride", "type": 16, "capacity": "200", "current_operating_capacity": null, "park": 1}}, {"model": "quantummanagementapp.attraction", "pk": 52, "fields": {"name": "Cadillac Cars", "type": 5, "capacity": "250", "current_operating_capacity": null, "park": 1}}, {"model": "quantummanagementapp.attraction", "pk": 53, "fields": {"name": "Antique Cars", "type": 5, "capacity": "150", "current_operating_capacity": null, "park": 1}}, {"model": "quantummanagementapp.attraction", "pk": 55, "fields": {"name": "Thunder Canyon", "type": 4, "capacity": "900", "current_operating_capacity": null, "park": 1}}, {"model": "quantummanagementapp.attraction", "pk": 56, "fields": {"name": "Frontier Town", "type": 11, "capacity": "10000", "current_operating_capacity": null, "park": 1}}, {"model": "quantummanagementapp.attraction", "pk": 57, "fields": {"name": "Kiddie Kingdom", "type": 11, "capacity": "5000", "current_operating_capacity": null, "park": 1}}, {"model": "quantummanagementapp.attraction", "pk": 58, "fields": {"name": "Planet Snoopy", "type": 11, "capacity": "5000", "current_operating_capacity": null, "park": 1}}, {"model": "quantummanagementapp.attraction", "pk": 59, "fields": {"name": "Gemini Midway", "type": 11, "capacity": "5000", "current_operating_capacity": null, "park": 1}}, {"model": "quantummanagementapp.attraction", "pk": 60, "fields": {"name": "Millenium Midway", "type": 11, "capacity": "5000", "current_operating_capacity": null, "park": 1}}, {"model": "quantummanagementapp.attraction", "pk": 61, "fields": {"name": "Frontier Trail", "type": 11, "capacity": "4000", "current_operating_capacity": null, "park": 1}}, {"model": "quantummanagementapp.attraction", "pk": 62, "fields": {"name": "Cedar Creek Trading Co.", "type": 8, "capacity": "99", "current_operating_capacity": null, "park": 1}}, {"model": "quantummanagementapp.attraction", "pk": 63, "fields": {"name": "Round Up", "type": 9, "capacity": "20", "current_operating_capacity": null, "park": 1}}, {"model": "quantummanagementapp.attraction", "pk": 64, "fields": {"name": "Miss Keat's Smokehouse", "type": 9, "capacity": "20", "current_operating_capacity": null, "park": 1}}, {"model": "quantummanagementapp.attraction", "pk": 65, "fields": {"name": "Coca-Cola\u00ae Fountain & Floats", "type": 9, "capacity": "20", "current_operating_capacity": null, "park": 1}}, {"model": "quantummanagementapp.attraction", "pk": 66, "fields": {"name": "Last Chance Saloon", "type": 8, "capacity": "80", "current_operating_capacity": null, "park": 1}}, {"model": "quantummanagementapp.attraction", "pk": 67, "fields": {"name": "Provisions BBQ", "type": 9, "capacity": "20", "current_operating_capacity": null, "park": 1}}, {"model": "quantummanagementapp.attraction", "pk": 68, "fields": {"name": "Wagon Wheel Pizza", "type": 9, "capacity": "20", "current_operating_capacity": null, "park": 1}}, {"model": "quantummanagementapp.attraction", "pk": 69, "fields": {"name": "Stockade Refreshments", "type": 9, "capacity": "20", "current_operating_capacity": null, "park": 1}}, {"model": "quantummanagementapp.attraction", "pk": 70, "fields": {"name": "Engine House Custard", "type": 9, "capacity": "20", "current_operating_capacity": null, "park": 1}}, {"model": "quantummanagementapp.attraction", "pk": 71, "fields": {"name": "Trail Tavern", "type": 8, "capacity": "99", "current_operating_capacity": null, "park": 1}}, {"model": "quantummanagementapp.attraction", "pk": 77, "fields": {"name": "Banshee", "type": 1, "capacity": "3000", "current_operating_capacity": null, "park": 2}}, {"model": "quantummanagementapp.attraction", "pk": 78, "fields": {"name": "The Bat", "type": 1, "capacity": "2500", "current_operating_capacity": null, "park": 2}}, {"model": "quantummanagementapp.attraction", "pk": 79, "fields": {"name": "Drop Tower", "type": 7, "capacity": "1500", "current_operating_capacity": null, "park": 2}}, {"model": "quantummanagementapp.attraction", "pk": 80, "fields": {"name": "Invertigo", "type": 1, "capacity": "1200", "current_operating_capacity": null, "park": 2}}, {"model": "quantummanagementapp.attraction", "pk": 81, "fields": {"name": "Xtreme Skyflyer", "type": 7, "capacity": "100", "current_operating_capacity": null, "park": 2}}, {"model": "quantummanagementapp.attraction", "pk": 82, "fields": {"name": "Dodgem", "type": 2, "capacity": "800", "current_operating_capacity": null, "park": 2}}, {"model": "quantummanagementapp.attraction", "pk": 83, "fields": {"name": "Kings Mills Antique Autos", "type": 5, "capacity": "700", "current_operating_capacity": null, "park": 2}}, {"model": "quantummanagementapp.attraction", "pk": 84, "fields": {"name": "Monster", "type": 2, "capacity": "700", "current_operating_capacity": null, "park": 2}}, {"model": "quantummanagementapp.attraction", "pk": 85, "fields": {"name": "Scrambler", "type": 2, "capacity": "700", "current_operating_capacity": null, "park": 2}}, {"model": "quantummanagementapp.attraction", "pk": 86, "fields": {"name": "Shake, Rattle & Roll", "type": 2, "capacity": "800", "current_operating_capacity": null, "park": 2}}, {"model": "quantummanagementapp.attraction", "pk": 87, "fields": {"name": "The Racer", "type": 1, "capacity": "1300", "current_operating_capacity": null, "park": 2}}, {"model": "quantummanagementapp.attraction", "pk": 88, "fields": {"name": "WindSeeker", "type": 6, "capacity": "900", "current_operating_capacity": null, "park": 2}}, {"model": "quantummanagementapp.attraction", "pk": 89, "fields": {"name": "Zephyr", "type": 1, "capacity": "1200", "current_operating_capacity": null, "park": 2}}, {"model": "quantummanagementapp.attraction", "pk": 90, "fields": {"name": "Flight of Fear", "type": 1, "capacity": "2000", "current_operating_capacity": null, "park": 2}}, {"model": "quantummanagementapp.attraction", "pk": 91, "fields": {"name": "Grand Carousel", "type": 16, "capacity": "900", "current_operating_capacity": null, "park": 2}}, {"model": "quantummanagementapp.attraction", "pk": 92, "fields": {"name": "Eiffel Tower", "type": 3, "capacity": "3000", "current_operating_capacity": null, "park": 2}}, {"model": "quantummanagementapp.attraction", "pk": 93, "fields": {"name": "Adventure Express", "type": 1, "capacity": "2000", "current_operating_capacity": null, "park": 2}}, {"model": "quantummanagementapp.attraction", "pk": 94, "fields": {"name": "Viking Fury", "type": 7, "capacity": "1500", "current_operating_capacity": null, "park": 2}}, {"model": "quantummanagementapp.attraction", "pk": 95, "fields": {"name": "Woodstock Express", "type": 16, "capacity": "800", "current_operating_capacity": null, "park": 2}}, {"model": "quantummanagementapp.attraction", "pk": 96, "fields": {"name": "The Great Pumpkin Coaster", "type": 16, "capacity": "900", "current_operating_capacity": null, "park": 2}}, {"model": "quantummanagementapp.attraction", "pk": 97, "fields": {"name": "Snoopy's Space Buggies", "type": 2, "capacity": "600", "current_operating_capacity": null, "park": 2}}, {"model": "quantummanagementapp.attraction", "pk": 98, "fields": {"name": "Snoopy's Junction", "type": 16, "capacity": "700", "current_operating_capacity": null, "park": 2}}, {"model": "quantummanagementapp.attraction", "pk": 99, "fields": {"name": "Planet Snoopy", "type": 11, "capacity": "5000", "current_operating_capacity": null, "park": 2}}, {"model": "quantummanagementapp.attraction", "pk": 100, "fields": {"name": "Oktoberfest", "type": 11, "capacity": "5000", "current_operating_capacity": null, "park": 2}}, {"model": "quantummanagementapp.attraction", "pk": 101, "fields": {"name": "International Street", "type": 11, "capacity": "5000", "current_operating_capacity": null, "park": 2}}, {"model": "quantummanagementapp.attraction", "pk": 102, "fields": {"name": "Area 72", "type": 1, "capacity": "4000", "current_operating_capacity": null, "park": 2}}, {"model": "quantummanagementapp.attraction", "pk": 103, "fields": {"name": "Coney Mall", "type": 11, "capacity": "5000", "current_operating_capacity": null, "park": 2}}, {"model": "quantummanagementapp.attraction", "pk": 104, "fields": {"name": "Action Zone", "type": 11, "capacity": "5000", "current_operating_capacity": null, "park": 2}}, {"model": "quantummanagementapp.attraction", "pk": 105, "fields": {"name": "Rivertown", "type": 11, "capacity": "5000", "current_operating_capacity": null, "park": 2}}, {"model": "quantummanagementapp.attraction", "pk": 106, "fields": {"name": "Diamondback", "type": 1, "capacity": "3000", "current_operating_capacity": null, "park": 2}}, {"model": "quantummanagementapp.attraction", "pk": 107, "fields": {"name": "Mystic Timbers", "type": 1, "capacity": "3000", "current_operating_capacity": null, "park": 2}}, {"model": "quantummanagementapp.attraction", "pk": 108, "fields": {"name": "The Beast", "type": 1, "capacity": "2800", "current_operating_capacity": null, "park": 2}}, {"model": "quantummanagementapp.attraction", "pk": 109, "fields": {"name": "Backlot Stunt Coaster", "type": 1, "capacity": "2900", "current_operating_capacity": null, "park": 2}}, {"model": "quantummanagementapp.attraction", "pk": 110, "fields": {"name": "White Water Canyon", "type": 4, "capacity": "1700", "current_operating_capacity": null, "park": 2}}, {"model": "quantummanagementapp.attraction", "pk": 111, "fields": {"name": "Kings Island & Miami Valley Railroad", "type": 16, "capacity": "1000", "current_operating_capacity": null, "park": 2}}, {"model": "quantummanagementapp.attraction", "pk": 112, "fields": {"name": "SlingShot", "type": 7, "capacity": "100", "current_operating_capacity": null, "park": 2}}, {"model": "quantummanagementapp.attraction", "pk": 113, "fields": {"name": "Congo Falls", "type": 4, "capacity": "1400", "current_operating_capacity": null, "park": 2}}, {"model": "quantummanagementapp.attraction", "pk": 114, "fields": {"name": "Kings Island Theater\t", "type": 3, "capacity": "500", "current_operating_capacity": null, "park": 2}}, {"model": "quantummanagementapp.attraction", "pk": 115, "fields": {"name": "Festhaus", "type": 9, "capacity": "900", "current_operating_capacity": null, "park": 2}}, {"model": "quantummanagementapp.attraction", "pk": 116, "fields": {"name": "Kite Eating Tree", "type": 16, "capacity": "600", "current_operating_capacity": null, "park": 2}}, {"model": "quantummanagementapp.attraction", "pk": 117, "fields": {"name": "Snoopy vs. Red Baron", "type": 16, "capacity": "600", "current_operating_capacity": null, "park": 2}}, {"model": "quantummanagementapp.attraction", "pk": 118, "fields": {"name": "Picnic Grove", "type": 9, "capacity": "800", "current_operating_capacity": null, "park": 2}}, {"model": "quantummanagementapp.attraction", "pk": 119, "fields": {"name": "LaRosa\u2019s\u00ae Pizzeria", "type": 9, "capacity": "100", "current_operating_capacity": null, "park": 2}}, {"model": "quantummanagementapp.attraction", "pk": 120, "fields": {"name": "Paradise Island", "type": 9, "capacity": "100", "current_operating_capacity": null, "park": 2}}, {"model": "quantummanagementapp.attraction", "pk": 121, "fields": {"name": "Miami River Brewhouse \u2022 Tom + Chee", "type": 8, "capacity": "199", "current_operating_capacity": null, "park": 2}}, {"model": "quantummanagementapp.attraction", "pk": 122, "fields": {"name": "Rivertown Potato Works \u2022 Rivertown Funnel Cakes", "type": 9, "capacity": "99", "current_operating_capacity": null, "park": 2}}, {"model": "quantummanagementapp.attraction", "pk": 123, "fields": {"name": "Meteor Canteen", "type": 9, "capacity": "99", "current_operating_capacity": null, "park": 2}}, {"model": "quantummanagementapp.attraction", "pk": 124, "fields": {"name": "Skyline Chili\u00ae", "type": 9, "capacity": "99", "current_operating_capacity": null, "park": 2}}, {"model": "quantummanagementapp.attraction", "pk": 125, "fields": {"name": "Coney Treats", "type": 9, "capacity": "99", "current_operating_capacity": null, "park": 2}}, {"model": "quantummanagementapp.attraction", "pk": 126, "fields": {"name": "Hank\u2019s Mexican Grill", "type": 8, "capacity": "199", "current_operating_capacity": null, "park": 2}}, {"model": "quantummanagementapp.attraction", "pk": 127, "fields": {"name": "Bier Garten", "type": 8, "capacity": "199", "current_operating_capacity": null, "park": 2}}, {"model": "quantummanagementapp.attraction", "pk": 128, "fields": {"name": "Festhaus \u2022 LaRosa\u2019s\u00ae Pizzeria \u2022 Panda Express\u00ae", "type": 9, "capacity": "99", "current_operating_capacity": null, "park": 2}}, {"model": "quantummanagementapp.attraction", "pk": 129, "fields": {"name": "Ice Scream Zone", "type": 9, "capacity": "99", "current_operating_capacity": null, "park": 2}}, {"model": "quantummanagementapp.attraction", "pk": 130, "fields": {"name": "Snoopy Treats \u2022 Snoopy\u2019s Snack Shack", "type": 9, "capacity": "100", "current_operating_capacity": null, "park": 2}}, {"model": "quantummanagementapp.attraction", "pk": 131, "fields": {"name": "Flying Ace Arial Chase", "type": 1, "capacity": "1300", "current_operating_capacity": null, "park": 2}}, {"model": "quantummanagementapp.attraction", "pk": 132, "fields": {"name": "International Street", "type": 11, "capacity": "4000", "current_operating_capacity": null, "park": 3}}, {"model": "quantummanagementapp.attraction", "pk": 133, "fields": {"name": "Action Zone", "type": 11, "capacity": "4000", "current_operating_capacity": null, "park": 3}}, {"model": "quantummanagementapp.attraction", "pk": 134, "fields": {"name": "Grande World Exposition of 1890", "type": 11, "capacity": "4000", "current_operating_capacity": null, "park": 3}}, {"model": "quantummanagementapp.attraction", "pk": 135, "fields": {"name": "Frontier Canada", "type": 11, "capacity": "4000", "current_operating_capacity": null, "park": 3}}, {"model": "quantummanagementapp.attraction", "pk": 136, "fields": {"name": "International Festival", "type": 11, "capacity": "5000", "current_operating_capacity": null, "park": 3}}, {"model": "quantummanagementapp.attraction", "pk": 137, "fields": {"name": "Medieval Faire", "type": 11, "capacity": "4000", "current_operating_capacity": null, "park": 3}}, {"model": "quantummanagementapp.attraction", "pk": 138, "fields": {"name": "Splash Works", "type": 11, "capacity": "3000", "current_operating_capacity": null, "park": 3}}, {"model": "quantummanagementapp.attraction", "pk": 139, "fields": {"name": "Yukon Striker", "type": 1, "capacity": "3000", "current_operating_capacity": null, "park": 3}}, {"model": "quantummanagementapp.attraction", "pk": 140, "fields": {"name": "Leviathan", "type": 1, "capacity": "3000", "current_operating_capacity": null, "park": 3}}, {"model": "quantummanagementapp.attraction", "pk": 141, "fields": {"name": "The Fly", "type": 1, "capacity": "2300", "current_operating_capacity": null, "park": 3}}, {"model": "quantummanagementapp.attraction", "pk": 142, "fields": {"name": "Thunder Run", "type": 1, "capacity": "2500", "current_operating_capacity": null, "park": 3}}, {"model": "quantummanagementapp.attraction", "pk": 143, "fields": {"name": "Vortex", "type": 1, "capacity": "2300", "current_operating_capacity": null, "park": 3}}, {"model": "quantummanagementapp.attraction", "pk": 144, "fields": {"name": "Wonder Mountain's Guardian", "type": 1, "capacity": "2000", "current_operating_capacity": null, "park": 3}}, {"model": "quantummanagementapp.attraction", "pk": 145, "fields": {"name": "Backlot Stunt Coaster", "type": 1, "capacity": "2300", "current_operating_capacity": null, "park": 3}}, {"model": "quantummanagementapp.attraction", "pk": 146, "fields": {"name": "Behemoth", "type": 1, "capacity": "2900", "current_operating_capacity": null, "park": 3}}, {"model": "quantummanagementapp.attraction", "pk": 147, "fields": {"name": "Flight Deck", "type": 1, "capacity": "2900", "current_operating_capacity": null, "park": 3}}, {"model": "quantummanagementapp.attraction", "pk": 148, "fields": {"name": "Mighty Canadian Minebuster", "type": 1, "capacity": "2800", "current_operating_capacity": null, "park": 3}}, {"model": "quantummanagementapp.attraction", "pk": 149, "fields": {"name": "The Bat", "type": 1, "capacity": "2300", "current_operating_capacity": null, "park": 3}}, {"model": "quantummanagementapp.attraction", "pk": 150, "fields": {"name": "Time Warp", "type": 1, "capacity": "2100", "current_operating_capacity": null, "park": 3}}, {"model": "quantummanagementapp.attraction", "pk": 151, "fields": {"name": "Dragon Fyre", "type": 1, "capacity": "2400", "current_operating_capacity": null, "park": 3}}, {"model": "quantummanagementapp.attraction", "pk": 152, "fields": {"name": "Silver Streak", "type": 16, "capacity": "2000", "current_operating_capacity": null, "park": 3}}, {"model": "quantummanagementapp.attraction", "pk": 153, "fields": {"name": "Ghoster Coaster", "type": 16, "capacity": "1900", "current_operating_capacity": null, "park": 3}}, {"model": "quantummanagementapp.attraction", "pk": 154, "fields": {"name": "Taxi Jam", "type": 16, "capacity": "1000", "current_operating_capacity": null, "park": 3}}, {"model": "quantummanagementapp.attraction", "pk": 155, "fields": {"name": "Psyclone", "type": 7, "capacity": "1000", "current_operating_capacity": null, "park": 3}}, {"model": "quantummanagementapp.attraction", "pk": 156, "fields": {"name": "Skyhawk", "type": 7, "capacity": "1000", "current_operating_capacity": null, "park": 3}}, {"model": "quantummanagementapp.attraction", "pk": 157, "fields": {"name": "Sledge Hammer", "type": 7, "capacity": "1000", "current_operating_capacity": null, "park": 3}}, {"model": "quantummanagementapp.attraction", "pk": 158, "fields": {"name": "WindSeeker", "type": 6, "capacity": "1200", "current_operating_capacity": null, "park": 3}}, {"model": "quantummanagementapp.attraction", "pk": 159, "fields": {"name": "SlingShot", "type": 7, "capacity": "1000", "current_operating_capacity": null, "park": 3}}, {"model": "quantummanagementapp.attraction", "pk": 160, "fields": {"name": "Antique Carrousel", "type": 2, "capacity": "900", "current_operating_capacity": null, "park": 3}}, {"model": "quantummanagementapp.attraction", "pk": 161, "fields": {"name": "Swing of the Century", "type": 6, "capacity": "300", "current_operating_capacity": null, "park": 3}}, {"model": "quantummanagementapp.attraction", "pk": 162, "fields": {"name": "White Water Canyon", "type": 4, "capacity": "1000", "current_operating_capacity": null, "park": 3}}, {"model": "quantummanagementapp.attraction", "pk": 163, "fields": {"name": "Flying Canoes", "type": 16, "capacity": "900", "current_operating_capacity": null, "park": 3}}, {"model": "quantummanagementapp.attraction", "pk": 164, "fields": {"name": "Soaring Timbers", "type": 7, "capacity": "800", "current_operating_capacity": null, "park": 3}}, {"model": "quantummanagementapp.attraction", "pk": 165, "fields": {"name": "Lumberjack", "type": 7, "capacity": "800", "current_operating_capacity": null, "park": 3}}, {"model": "quantummanagementapp.attraction", "pk": 166, "fields": {"name": "Shockwave", "type": 7, "capacity": "800", "current_operating_capacity": null, "park": 3}}, {"model": "quantummanagementapp.attraction", "pk": 167, "fields": {"name": "Night Mares", "type": 7, "capacity": "700", "current_operating_capacity": null, "park": 3}}, {"model": "quantummanagementapp.attraction", "pk": 168, "fields": {"name": "Viking's Rage", "type": 7, "capacity": "900", "current_operating_capacity": null, "park": 3}}, {"model": "quantummanagementapp.attraction", "pk": 169, "fields": {"name": "Spinovator", "type": 2, "capacity": "600", "current_operating_capacity": null, "park": 3}}, {"model": "quantummanagementapp.employeeattraction", "pk": 1, "fields": {"employee": 1, "attraction": 16}}, {"model": "quantummanagementapp.employeeattraction", "pk": 2, "fields": {"employee": 2, "attraction": 2}}, {"model": "quantummanagementapp.employeeattraction", "pk": 3, "fields": {"employee": 3, "attraction": 4}}, {"model": "quantummanagementapp.employeeattraction", "pk": 4, "fields": {"employee": 4, "attraction": 4}}, {"model": "quantummanagementapp.employeeattraction", "pk": 6, "fields": {"employee": 6, "attraction": 4}}, {"model": "quantummanagementapp.employeeattraction", "pk": 7, "fields": {"employee": 7, "attraction": 7}}, {"model": "quantummanagementapp.employeeattraction", "pk": 11, "fields": {"employee": 11, "attraction": 5}}, {"model": "quantummanagementapp.employeeattraction", "pk": 12, "fields": {"employee": 12, "attraction": 8}}, {"model": "quantummanagementapp.employeeattraction", "pk": 14, "fields": {"employee": 15, "attraction": 7}}, {"model": "quantummanagementapp.employeeattraction", "pk": 24, "fields": {"employee": 27, "attraction": 13}}, {"model": "quantummanagementapp.employeeattraction", "pk": 27, "fields": {"employee": 30, "attraction": 8}}, {"model": "quantummanagementapp.employeeattraction", "pk": 28, "fields": {"employee": 31, "attraction": 22}}, {"model": "quantummanagementapp.employeeattraction", "pk": 29, "fields": {"employee": 32, "attraction": 8}}, {"model": "quantummanagementapp.employeeattraction", "pk": 30, "fields": {"employee": 33, "attraction": 16}}, {"model": "quantummanagementapp.employeeattraction", "pk": 31, "fields": {"employee": 34, "attraction": 2}}, {"model": "quantummanagementapp.employeeattraction", "pk": 32, "fields": {"employee": 35, "attraction": 9}}, {"model": "quantummanagementapp.employeeattraction", "pk": 33, "fields": {"employee": 51, "attraction": 9}}, {"model": "quantummanagementapp.employeeattraction", "pk": 34, "fields": {"employee": 52, "attraction": 2}}, {"model": "quantummanagementapp.employeeattraction", "pk": 35, "fields": {"employee": 53, "attraction": 4}}, {"model": "quantummanagementapp.employeeattraction", "pk": 36, "fields": {"employee": 44, "attraction": 8}}, {"model": "quantummanagementapp.employeeattraction", "pk": 42, "fields": {"employee": 60, "attraction": 10}}, {"model": "quantummanagementapp.employeeattraction", "pk": 43, "fields": {"employee": 43, "attraction": 65}}, {"model": "quantummanagementapp.employeeattraction", "pk": 44, "fields": {"employee": 38, "attraction": 64}}, {"model": "quantummanagementapp.employeeattraction", "pk": 45, "fields": {"employee": 46, "attraction": 10}}, {"model": "quantummanagementapp.employeeattraction", "pk": 46, "fields": {"employee": 61, "attraction": 71}}, {"model": "quantummanagementapp.employeeattraction", "pk": 47, "fields": {"employee": 62, "attraction": 36}}, {"model": "quantummanagementapp.employeeattraction", "pk": 48, "fields": {"employee": 63, "attraction": 69}}, {"model": "quantummanagementapp.employeeattraction", "pk": 49, "fields": {"employee": 64, "attraction": 121}}, {"model": "quantummanagementapp.employeeattraction", "pk": 50, "fields": {"employee": 65, "attraction": 71}}, {"model": "quantummanagementapp.parkattractions", "pk": 1, "fields": {"park": 1, "attraction": 1}}, {"model": "quantummanagementapp.parkattractions", "pk": 2, "fields": {"park": 1, "attraction": 2}}, {"model": "quantummanagementapp.parkattractions", "pk": 3, "fields": {"park": 1, "attraction": 3}}, {"model": "quantummanagementapp.parkattractions", "pk": 4, "fields": {"park": 2, "attraction": 4}}, {"model": "quantummanagementapp.parkattractions", "pk": 5, "fields": {"park": 1, "attraction": 5}}, {"model": "quantummanagementapp.parkattractions", "pk": 6, "fields": {"park": 4, "attraction": 6}}, {"model": "quantummanagementapp.parkattractions", "pk": 7, "fields": {"park": 1, "attraction": 9}}, {"model": "quantummanagementapp.parkattractions", "pk": 8, "fields": {"park": 1, "attraction": 10}}, {"model": "quantummanagementapp.parkattractions", "pk": 9, "fields": {"park": 1, "attraction": 7}}, {"model": "quantummanagementapp.parkattractions", "pk": 10, "fields": {"park": 1, "attraction": 8}}, {"model": "quantummanagementapp.parkattractions", "pk": 11, "fields": {"park": 1, "attraction": 4}}, {"model": "quantummanagementapp.parkattractions", "pk": 12, "fields": {"park": 2, "attraction": 13}}, {"model": "quantummanagementapp.parkattractions", "pk": 15, "fields": {"park": 1, "attraction": 16}}, {"model": "quantummanagementapp.parkattractions", "pk": 16, "fields": {"park": 10, "attraction": 17}}, {"model": "quantummanagementapp.parkattractions", "pk": 17, "fields": {"park": 10, "attraction": 18}}, {"model": "quantummanagementapp.parkattractions", "pk": 18, "fields": {"park": 10, "attraction": 19}}, {"model": "quantummanagementapp.parkattractions", "pk": 19, "fields": {"park": 10, "attraction": 20}}, {"model": "quantummanagementapp.parkattractions", "pk": 20, "fields": {"park": 1, "attraction": 21}}, {"model": "quantummanagementapp.parkattractions", "pk": 21, "fields": {"park": 1, "attraction": 22}}, {"model": "quantummanagementapp.parkattractions", "pk": 22, "fields": {"park": 10, "attraction": 23}}, {"model": "quantummanagementapp.parkattractions", "pk": 23, "fields": {"park": 1, "attraction": 24}}, {"model": "quantummanagementapp.parkattractions", "pk": 26, "fields": {"park": 1, "attraction": 27}}, {"model": "quantummanagementapp.parkattractions", "pk": 28, "fields": {"park": 1, "attraction": 29}}, {"model": "quantummanagementapp.parkattractions", "pk": 29, "fields": {"park": 1, "attraction": 30}}, {"model": "quantummanagementapp.parkattractions", "pk": 30, "fields": {"park": 1, "attraction": 31}}, {"model": "quantummanagementapp.parkattractions", "pk": 31, "fields": {"park": 1, "attraction": 32}}, {"model": "quantummanagementapp.parkattractions", "pk": 32, "fields": {"park": 1, "attraction": 33}}, {"model": "quantummanagementapp.parkattractions", "pk": 33, "fields": {"park": 1, "attraction": 34}}, {"model": "quantummanagementapp.parkattractions", "pk": 34, "fields": {"park": 1, "attraction": 35}}, {"model": "quantummanagementapp.parkattractions", "pk": 35, "fields": {"park": 1, "attraction": 36}}, {"model": "quantummanagementapp.parkattractions", "pk": 36, "fields": {"park": 1, "attraction": 37}}, {"model": "quantummanagementapp.parkattractions", "pk": 37, "fields": {"park": 1, "attraction": 38}}, {"model": "quantummanagementapp.parkattractions", "pk": 38, "fields": {"park": 1, "attraction": 39}}, {"model": "quantummanagementapp.parkattractions", "pk": 39, "fields": {"park": 1, "attraction": 40}}, {"model": "quantummanagementapp.parkattractions", "pk": 40, "fields": {"park": 1, "attraction": 41}}, {"model": "quantummanagementapp.parkattractions", "pk": 41, "fields": {"park": 1, "attraction": 42}}, {"model": "quantummanagementapp.parkattractions", "pk": 42, "fields": {"park": 1, "attraction": 43}}, {"model": "quantummanagementapp.parkattractions", "pk": 43, "fields": {"park": 1, "attraction": 44}}, {"model": "quantummanagementapp.parkattractions", "pk": 44, "fields": {"park": 1, "attraction": 45}}, {"model": "quantummanagementapp.parkattractions", "pk": 45, "fields": {"park": 1, "attraction": 46}}, {"model": "quantummanagementapp.parkattractions", "pk": 46, "fields": {"park": 1, "attraction": 47}}, {"model": "quantummanagementapp.parkattractions", "pk": 47, "fields": {"park": 1, "attraction": 48}}, {"model": "quantummanagementapp.parkattractions", "pk": 48, "fields": {"park": 1, "attraction": 49}}, {"model": "quantummanagementapp.parkattractions", "pk": 49, "fields": {"park": 1, "attraction": 50}}, {"model": "quantummanagementapp.parkattractions", "pk": 50, "fields": {"park": 1, "attraction": 51}}, {"model": "quantummanagementapp.parkattractions", "pk": 51, "fields": {"park": 1, "attraction": 52}}, {"model": "quantummanagementapp.parkattractions", "pk": 52, "fields": {"park": 1, "attraction": 53}}, {"model": "quantummanagementapp.parkattractions", "pk": 54, "fields": {"park": 1, "attraction": 55}}, {"model": "quantummanagementapp.parkattractions", "pk": 55, "fields": {"park": 1, "attraction": 56}}, {"model": "quantummanagementapp.parkattractions", "pk": 56, "fields": {"park": 1, "attraction": 57}}, {"model": "quantummanagementapp.parkattractions", "pk": 57, "fields": {"park": 1, "attraction": 58}}, {"model": "quantummanagementapp.parkattractions", "pk": 58, "fields": {"park": 1, "attraction": 59}}, {"model": "quantummanagementapp.parkattractions", "pk": 59, "fields": {"park": 1, "attraction": 60}}, {"model": "quantummanagementapp.parkattractions", "pk": 60, "fields": {"park": 1, "attraction": 61}}, {"model": "quantummanagementapp.parkattractions", "pk": 61, "fields": {"park": 1, "attraction": 62}}, {"model": "quantummanagementapp.parkattractions", "pk": 62, "fields": {"park": 1, "attraction": 63}}, {"model": "quantummanagementapp.parkattractions", "pk": 63, "fields": {"park": 1, "attraction": 64}}, {"model": "quantummanagementapp.parkattractions", "pk": 64, "fields": {"park": 1, "attraction": 65}}, {"model": "quantummanagementapp.parkattractions", "pk": 65, "fields": {"park": 1, "attraction": 66}}, {"model": "quantummanagementapp.parkattractions", "pk": 66, "fields": {"park": 1, "attraction": 67}}, {"model": "quantummanagementapp.parkattractions", "pk": 67, "fields": {"park": 1, "attraction": 68}}, {"model": "quantummanagementapp.parkattractions", "pk": 68, "fields": {"park": 1, "attraction": 69}}, {"model": "quantummanagementapp.parkattractions", "pk": 69, "fields": {"park": 1, "attraction": 70}}, {"model": "quantummanagementapp.parkattractions", "pk": 70, "fields": {"park": 1, "attraction": 71}}, {"model": "quantummanagementapp.parkattractions", "pk": 76, "fields": {"park": 2, "attraction": 77}}, {"model": "quantummanagementapp.parkattractions", "pk": 77, "fields": {"park": 2, "attraction": 78}}, {"model": "quantummanagementapp.parkattractions", "pk": 78, "fields": {"park": 2, "attraction": 79}}, {"model": "quantummanagementapp.parkattractions", "pk": 79, "fields": {"park": 2, "attraction": 80}}, {"model": "quantummanagementapp.parkattractions", "pk": 80, "fields": {"park": 2, "attraction": 81}}, {"model": "quantummanagementapp.parkattractions", "pk": 81, "fields": {"park": 2, "attraction": 82}}, {"model": "quantummanagementapp.parkattractions", "pk": 82, "fields": {"park": 2, "attraction": 83}}, {"model": "quantummanagementapp.parkattractions", "pk": 83, "fields": {"park": 2, "attraction": 84}}, {"model": "quantummanagementapp.parkattractions", "pk": 84, "fields": {"park": 2, "attraction": 85}}, {"model": "quantummanagementapp.parkattractions", "pk": 85, "fields": {"park": 2, "attraction": 86}}, {"model": "quantummanagementapp.parkattractions", "pk": 86, "fields": {"park": 2, "attraction": 87}}, {"model": "quantummanagementapp.parkattractions", "pk": 87, "fields": {"park": 2, "attraction": 88}}, {"model": "quantummanagementapp.parkattractions", "pk": 88, "fields": {"park": 2, "attraction": 89}}, {"model": "quantummanagementapp.parkattractions", "pk": 89, "fields": {"park": 2, "attraction": 90}}, {"model": "quantummanagementapp.parkattractions", "pk": 90, "fields": {"park": 2, "attraction": 91}}, {"model": "quantummanagementapp.parkattractions", "pk": 91, "fields": {"park": 2, "attraction": 92}}, {"model": "quantummanagementapp.parkattractions", "pk": 92, "fields": {"park": 2, "attraction": 93}}, {"model": "quantummanagementapp.parkattractions", "pk": 93, "fields": {"park": 2, "attraction": 94}}, {"model": "quantummanagementapp.parkattractions", "pk": 94, "fields": {"park": 2, "attraction": 95}}, {"model": "quantummanagementapp.parkattractions", "pk": 95, "fields": {"park": 2, "attraction": 96}}, {"model": "quantummanagementapp.parkattractions", "pk": 96, "fields": {"park": 2, "attraction": 97}}, {"model": "quantummanagementapp.parkattractions", "pk": 97, "fields": {"park": 2, "attraction": 98}}, {"model": "quantummanagementapp.parkattractions", "pk": 98, "fields": {"park": 2, "attraction": 99}}, {"model": "quantummanagementapp.parkattractions", "pk": 99, "fields": {"park": 2, "attraction": 100}}, {"model": "quantummanagementapp.parkattractions", "pk": 100, "fields": {"park": 2, "attraction": 101}}, {"model": "quantummanagementapp.parkattractions", "pk": 101, "fields": {"park": 2, "attraction": 102}}, {"model": "quantummanagementapp.parkattractions", "pk": 102, "fields": {"park": 2, "attraction": 103}}, {"model": "quantummanagementapp.parkattractions", "pk": 103, "fields": {"park": 2, "attraction": 104}}, {"model": "quantummanagementapp.parkattractions", "pk": 104, "fields": {"park": 2, "attraction": 105}}, {"model": "quantummanagementapp.parkattractions", "pk": 105, "fields": {"park": 2, "attraction": 106}}, {"model": "quantummanagementapp.parkattractions", "pk": 106, "fields": {"park": 2, "attraction": 107}}, {"model": "quantummanagementapp.parkattractions", "pk": 107, "fields": {"park": 2, "attraction": 108}}, {"model": "quantummanagementapp.parkattractions", "pk": 108, "fields": {"park": 2, "attraction": 109}}, {"model": "quantummanagementapp.parkattractions", "pk": 109, "fields": {"park": 2, "attraction": 110}}, {"model": "quantummanagementapp.parkattractions", "pk": 110, "fields": {"park": 2, "attraction": 111}}, {"model": "quantummanagementapp.parkattractions", "pk": 111, "fields": {"park": 2, "attraction": 112}}, {"model": "quantummanagementapp.parkattractions", "pk": 112, "fields": {"park": 2, "attraction": 113}}, {"model": "quantummanagementapp.parkattractions", "pk": 113, "fields": {"park": 2, "attraction": 114}}, {"model": "quantummanagementapp.parkattractions", "pk": 114, "fields": {"park": 2, "attraction": 115}}, {"model": "quantummanagementapp.parkattractions", "pk": 115, "fields": {"park": 2, "attraction": 116}}, {"model": "quantummanagementapp.parkattractions", "pk": 116, "fields": {"park": 2, "attraction": 117}}, {"model": "quantummanagementapp.parkattractions", "pk": 117, "fields": {"park": 2, "attraction": 118}}, {"model": "quantummanagementapp.parkattractions", "pk": 118, "fields": {"park": 2, "attraction": 119}}, {"model": "quantummanagementapp.parkattractions", "pk": 119, "fields": {"park": 2, "attraction": 120}}, {"model": "quantummanagementapp.parkattractions", "pk": 120, "fields": {"park": 2, "attraction": 121}}, {"model": "quantummanagementapp.parkattractions", "pk": 121, "fields": {"park": 2, "attraction": 122}}, {"model": "quantummanagementapp.parkattractions", "pk": 122, "fields": {"park": 2, "attraction": 123}}, {"model": "quantummanagementapp.parkattractions", "pk": 123, "fields": {"park": 2, "attraction": 124}}, {"model": "quantummanagementapp.parkattractions", "pk": 124, "fields": {"park": 2, "attraction": 125}}, {"model": "quantummanagementapp.parkattractions", "pk": 125, "fields": {"park": 2, "attraction": 126}}, {"model": "quantummanagementapp.parkattractions", "pk": 126, "fields": {"park": 2, "attraction": 127}}, {"model": "quantummanagementapp.parkattractions", "pk": 127, "fields": {"park": 2, "attraction": 128}}, {"model": "quantummanagementapp.parkattractions", "pk": 128, "fields": {"park": 2, "attraction": 129}}, {"model": "quantummanagementapp.parkattractions", "pk": 129, "fields": {"park": 2, "attraction": 130}}, {"model": "quantummanagementapp.parkattractions", "pk": 130, "fields": {"park": 2, "attraction": 131}}, {"model": "quantummanagementapp.parkattractions", "pk": 131, "fields": {"park": 3, "attraction": 132}}, {"model": "quantummanagementapp.parkattractions", "pk": 132, "fields": {"park": 3, "attraction": 133}}, {"model": "quantummanagementapp.parkattractions", "pk": 133, "fields": {"park": 3, "attraction": 134}}, {"model": "quantummanagementapp.parkattractions", "pk": 134, "fields": {"park": 3, "attraction": 135}}, {"model": "quantummanagementapp.parkattractions", "pk": 135, "fields": {"park": 3, "attraction": 136}}, {"model": "quantummanagementapp.parkattractions", "pk": 136, "fields": {"park": 3, "attraction": 137}}, {"model": "quantummanagementapp.parkattractions", "pk": 137, "fields": {"park": 3, "attraction": 138}}, {"model": "quantummanagementapp.parkattractions", "pk": 138, "fields": {"park": 3, "attraction": 139}}, {"model": "quantummanagementapp.parkattractions", "pk": 139, "fields": {"park": 3, "attraction": 140}}, {"model": "quantummanagementapp.parkattractions", "pk": 140, "fields": {"park": 3, "attraction": 141}}, {"model": "quantummanagementapp.parkattractions", "pk": 141, "fields": {"park": 3, "attraction": 142}}, {"model": "quantummanagementapp.parkattractions", "pk": 142, "fields": {"park": 3, "attraction": 143}}, {"model": "quantummanagementapp.parkattractions", "pk": 143, "fields": {"park": 3, "attraction": 144}}, {"model": "quantummanagementapp.parkattractions", "pk": 144, "fields": {"park": 3, "attraction": 145}}, {"model": "quantummanagementapp.parkattractions", "pk": 145, "fields": {"park": 3, "attraction": 146}}, {"model": "quantummanagementapp.parkattractions", "pk": 146, "fields": {"park": 3, "attraction": 147}}, {"model": "quantummanagementapp.parkattractions", "pk": 147, "fields": {"park": 3, "attraction": 148}}, {"model": "quantummanagementapp.parkattractions", "pk": 148, "fields": {"park": 3, "attraction": 149}}, {"model": "quantummanagementapp.parkattractions", "pk": 149, "fields": {"park": 3, "attraction": 150}}, {"model": "quantummanagementapp.parkattractions", "pk": 150, "fields": {"park": 3, "attraction": 151}}, {"model": "quantummanagementapp.parkattractions", "pk": 151, "fields": {"park": 3, "attraction": 152}}, {"model": "quantummanagementapp.parkattractions", "pk": 152, "fields": {"park": 3, "attraction": 153}}, {"model": "quantummanagementapp.parkattractions", "pk": 153, "fields": {"park": 3, "attraction": 154}}, {"model": "quantummanagementapp.parkattractions", "pk": 154, "fields": {"park": 3, "attraction": 155}}, {"model": "quantummanagementapp.parkattractions", "pk": 155, "fields": {"park": 3, "attraction": 156}}, {"model": "quantummanagementapp.parkattractions", "pk": 156, "fields": {"park": 3, "attraction": 157}}, {"model": "quantummanagementapp.parkattractions", "pk": 157, "fields": {"park": 3, "attraction": 158}}, {"model": "quantummanagementapp.parkattractions", "pk": 158, "fields": {"park": 3, "attraction": 159}}, {"model": "quantummanagementapp.parkattractions", "pk": 159, "fields": {"park": 3, "attraction": 160}}, {"model": "quantummanagementapp.parkattractions", "pk": 160, "fields": {"park": 3, "attraction": 161}}, {"model": "quantummanagementapp.parkattractions", "pk": 161, "fields": {"park": 3, "attraction": 162}}, {"model": "quantummanagementapp.parkattractions", "pk": 162, "fields": {"park": 3, "attraction": 163}}, {"model": "quantummanagementapp.parkattractions", "pk": 163, "fields": {"park": 3, "attraction": 164}}, {"model": "quantummanagementapp.parkattractions", "pk": 164, "fields": {"park": 3, "attraction": 165}}, {"model": "quantummanagementapp.parkattractions", "pk": 165, "fields": {"park": 3, "attraction": 166}}, {"model": "quantummanagementapp.parkattractions", "pk": 166, "fields": {"park": 3, "attraction": 167}}, {"model": "quantummanagementapp.parkattractions", "pk": 167, "fields": {"park": 3, "attraction": 168}}, {"model": "quantummanagementapp.parkattractions", "pk": 168, "fields": {"park": 3, "attraction": 169}}, {"model": "quantummanagementapp.visitor", "pk": 1, "fields": {"check_in": "2020-08-04T14:29:29Z", "ticket_price": "60.00", "park": 1}}, {"model": "quantummanagementapp.roles", "pk": 1, "fields": {"name": "Ride Operator"}}, {"model": "quantummanagementapp.roles", "pk": 2, "fields": {"name": "Consessions"}}, {"model": "quantummanagementapp.roles", "pk": 3, "fields": {"name": "Security"}}, {"model": "quantummanagementapp.roles", "pk": 4, "fields": {"name": "Entertainer"}}, {"model": "quantummanagementapp.roles", "pk": 5, "fields": {"name": "Restaurant"}}, {"model": "quantummanagementapp.roles", "pk": 6, "fields": {"name": "Mechanic"}}, {"model": "quantummanagementapp.roles", "pk": 7, "fields": {"name": "Manager"}}, {"model": "quantummanagementapp.image", "pk": 28, "fields": {"image": "images/5d1991770ef158557da442d8855ef4e9_wa7Cj6e.jpg"}}, {"model": "quantummanagementapp.image", "pk": 29, "fields": {"image": "images/5d1991770ef158557da442d8855ef4e9_odRYrXB.jpg"}}, {"model": "quantummanagementapp.image", "pk": 30, "fields": {"image": "images/mattcrossedarmes_VL7m8p4.png"}}, {"model": "quantummanagementapp.image", "pk": 31, "fields": {"image": "images/5d1991770ef158557da442d8855ef4e9_I8NOYbk.jpg"}}, {"model": "quantummanagementapp.image", "pk": 32, "fields": {"image": "images/mattcrossedarmes_Bf6e3EN.png"}}, {"model": "quantummanagementapp.image", "pk": 33, "fields": {"image": "images/mattcrossedarmes_QEfzsAD.png"}}, {"model": "quantummanagementapp.image", "pk": 34, "fields": {"image": "images/mattcrossedarmes_Y1wGrcQ.png"}}, {"model": "quantummanagementapp.image", "pk": 35, "fields": {"image": "images/mattcrossedarmes_qyQk2Vl.png"}}, {"model": "quantummanagementapp.image", "pk": 36, "fields": {"image": "images/mattcrossedarmes_k5t5haX.png"}}, {"model": "quantummanagementapp.image", "pk": 37, "fields": {"image": "images/mattcrossedarmes_js5G89M.png"}}, {"model": "quantummanagementapp.image", "pk": 38, "fields": {"image": "images/mattcrossedarmes_7WPXZwo.png"}}, {"model": "quantummanagementapp.image", "pk": 39, "fields": {"image": "images/mattcrossedarmes_bwel9zO.png"}}, {"model": "quantummanagementapp.image", "pk": 40, "fields": {"image": "images/mattcrossedarmes_JMKZwsU.png"}}]